{
    "type": "EntangledQFTBasis",
    "version": "1.0",
    "m": 5,
    "n": 5,
    "n_entangle": 5,
    "entangle_phases": [
        -0.31390086792723126,
        -0.13342516040617813,
        -0.041985192027096434,
        -0.020702379747969377,
        -0.006153990123224668
    ],
    "tensors": [
        [
            [
                0.7030445065771631,
                -0.003536853605258383
            ],
            [
                0.7111370341274187,
                0.00017643896895380798
            ],
            [
                0.7111370341274276,
                -0.00017643896895413674
            ],
            [
                -0.7030445065771688,
                -0.0035368536052581283
            ]
        ],
        [
            [
                0.6985310879948364,
                -0.0009214394583625698
            ],
            [
                0.7155682153130696,
                0.003949593364885243
            ],
            [
                0.7155682153130726,
                -0.00394959336488525
            ],
            [
                -0.6985310879948343,
                -0.0009214394583628802
            ]
        ],
        [
            [
                0.6996514162417933,
                -0.015864160550812446
            ],
            [
                0.7142178407366788,
                0.011362224003065802
            ],
            [
                0.7142178407366719,
                -0.011362224003066251
            ],
            [
                -0.6996514162417936,
                -0.015864160550812276
            ]
        ],
        [
            [
                0.6810201252891905,
                0.12113329495692775
            ],
            [
                0.7160975386458078,
                0.09350202644538147
            ],
            [
                0.7160975386458032,
                -0.09350202644538187
            ],
            [
                -0.6810201252891901,
                0.12113329495692834
            ]
        ],
        [
            [
                0.7047459358624737,
                -0.10658534269135748
            ],
            [
                0.7012720131065963,
                -0.013794717905628168
            ],
            [
                0.7012720131065995,
                0.013794717905625625
            ],
            [
                -0.7047459358624767,
                -0.10658534269135525
            ]
        ],
        [
            [
                0.7089964898235427,
                0.009901636710223979
            ],
            [
                0.7050284656564209,
                -0.012680600242556229
            ],
            [
                0.7050284656564137,
                0.012680600242556624
            ],
            [
                -0.7089964898235425,
                0.009901636710223762
            ]
        ],
        [
            [
                0.6762180109210204,
                0.009797328823915994
            ],
            [
                0.7349037857385387,
                -0.050493957669386066
            ],
            [
                0.7349037857385243,
                0.0504939576693872
            ],
            [
                -0.6762180109210039,
                0.009797328823914892
            ]
        ],
        [
            [
                0.7029990218101767,
                0.06051605167880946
            ],
            [
                0.7038531546906039,
                -0.08198121403857747
            ],
            [
                0.7038531546906023,
                0.08198121403857825
            ],
            [
                -0.7029990218101747,
                0.06051605167880963
            ]
        ],
        [
            [
                0.6682471058340621,
                0.2764717393874347
            ],
            [
                0.6828575935231128,
                -0.10351178595844347
            ],
            [
                0.6828575935231186,
                0.10351178595844265
            ],
            [
                -0.6682471058340627,
                0.2764717393874365
            ]
        ],
        [
            [
                0.49804617613788327,
                0.5589780956742265
            ],
            [
                0.6439849347479614,
                -0.15740679403548818
            ],
            [
                0.6439849347479562,
                0.15740679403547653
            ],
            [
                -0.49804617613787294,
                0.558978095674227
            ]
        ],
        [
            [
                0.9998986799844228,
                -0.014234808232325247
            ],
            [
                0.9998986799844222,
                0.01423480823232538
            ],
            [
                0.9999308761352069,
                0.011757676278873917
            ],
            [
                0.011757676278873615,
                0.9999308761352067
            ]
        ],
        [
            [
                0.9999754680170484,
                0.007004524544342535
            ],
            [
                0.9999754680170481,
                -0.007004524544342422
            ],
            [
                0.9999550468989012,
                -0.009481781552581543
            ],
            [
                0.70037036251037,
                0.713779626577489
            ]
        ],
        [
            [
                0.9999999719383852,
                -0.00023690343699980316
            ],
            [
                0.9999999719383857,
                0.00023690343699959935
            ],
            [
                0.9999974902189986,
                -0.002240436496881887
            ],
            [
                0.9230198358473688,
                0.384752365336844
            ]
        ],
        [
            [
                0.9999837399226349,
                -0.005702621357624527
            ],
            [
                0.9999837399226353,
                0.005702621357624534
            ],
            [
                0.9999947986907411,
                0.0032253048637982764
            ],
            [
                0.9814094048001487,
                0.19192597575580436
            ]
        ],
        [
            [
                0.9999664571041164,
                -0.00819052297756349
            ],
            [
                0.999966457104116,
                0.008190522977563258
            ],
            [
                0.9999892950539657,
                0.00462707007363953
            ],
            [
                0.004627070073639971,
                0.9999892950539652
            ]
        ],
        [
            [
                0.9999868668684574,
                0.005125045425098778
            ],
            [
                0.9999868668684572,
                -0.00512504542509889
            ],
            [
                0.9999622543886793,
                -0.008688486514309942
            ],
            [
                0.7009364032763077,
                0.7132237787413365
            ]
        ],
        [
            [
                0.9998731730652899,
                -0.01592600968053339
            ],
            [
                0.9998731730652899,
                0.015926009680533506
            ],
            [
                0.9999235771723444,
                0.012362840080805026
            ],
            [
                0.9285399811009042,
                0.37123241170072585
            ]
        ],
        [
            [
                0.9999392869679805,
                0.011019182272997691
            ],
            [
                0.9999392869679806,
                -0.01101918227299785
            ],
            [
                0.9995580046585687,
                -0.029728695278862894
            ],
            [
                -0.029728695278862932,
                0.9995580046585686
