{
    "type": "EntangledQFTBasis",
    "version": "1.0",
    "m": 5,
    "n": 5,
    "n_entangle": 5,
    "entangle_phases": [
        -0.039355544936755214,
        0.02625973987564607,
        -0.05625139332686342,
        0.012356367102994831,
        0.004324733409486083
    ],
    "tensors": [
        [
            [
                0.7011085999650716,
                0.003703897702630327
            ],
            [
                0.7130435493247466,
                -0.0013816523393572248
            ],
            [
                0.713043549324749,
                0.001381652339357242
            ],
            [
                -0.7011085999650746,
                0.003703897702630402
            ]
        ],
        [
            [
                0.7051209941858482,
                0.01410655320527845
            ],
            [
                0.7089459625144776,
                0.001005459813628297
            ],
            [
                0.7089459625144761,
                -0.001005459813628278
            ],
            [
                -0.7051209941858491,
                0.014106553205278547
            ]
        ],
        [
            [
                0.7021399935376341,
                0.03532206680924677
            ],
            [
                0.7110930198485333,
                -0.00992462563482093
            ],
            [
                0.7110930198485321,
                0.009924625634820869
            ],
            [
                -0.7021399935376361,
                0.035322066809246426
            ]
        ],
        [
            [
                0.6517277812798121,
                0.039509677189960214
            ],
            [
                0.7557429511096455,
                -0.0504229745703444
            ],
            [
                0.7557429511096452,
                0.05042297457034442
            ],
            [
                -0.6517277812798081,
                0.039509677189960124
            ]
        ],
        [
            [
                0.6497897664921367,
                0.133399417332799
            ],
            [
                0.7460460776851464,
                -0.058250362985738505
            ],
            [
                0.7460460776851476,
                0.058250362985738005
            ],
            [
                -0.6497897664921408,
                0.13339941733279834
            ]
        ],
        [
            [
                0.7178273446417666,
                -0.011842635081639321
            ],
            [
                0.69607640715447,
                0.007828836555098627
            ],
            [
                0.6960764071544687,
                -0.007828836555098587
            ],
            [
                -0.7178273446417627,
                -0.011842635081639392
            ]
        ],
        [
            [
                0.7532556053246585,
                -0.02055915269725239
            ],
            [
                0.6570860295080236,
                0.020524719552995157
            ],
            [
                0.6570860295080235,
                -0.020524719552995136
            ],
            [
                -0.7532556053246594,
                -0.020559152697252323
            ]
        ],
        [
            [
                0.009694866983935284,
                0.052014943602897205
            ],
            [
                0.9985844836584264,
                -0.005429934878678739
            ],
            [
                0.9985844836584258,
                0.0054299348786791485
            ],
            [
                -0.009694866983934113,
                0.052014943602897386
            ]
        ],
        [
            [
                0.030913131278264505,
                0.00928397720570524
            ],
            [
                0.9954556400261505,
                0.08958936779519816
            ],
            [
                0.9954556400261468,
                -0.08958936779519681
            ],
            [
                -0.030913131278261334,
                0.009283977205705854
            ]
        ],
        [
            [
                -0.008749392892015291,
                -0.025395781051551807
            ],
            [
                0.9904923422655991,
                0.13492005907950672
            ],
            [
                0.9904923422655977,
                -0.1349200590795098
            ],
            [
                0.008749392892011336,
                -0.025395781051554475
            ]
        ],
        [
            [
                0.9995928091088199,
                -0.028534469995749313
            ],
            [
                0.9995928091088199,
                0.02853446999574938
            ],
            [
                0.9994861724550402,
                0.03205294169297936
            ],
            [
                0.0320529416929795,
                0.9994861724550396
            ]
        ],
        [
            [
                0.9998185944852416,
                0.019046735194143335
            ],
            [
                0.9998185944852416,
                -0.019046735194143332
            ],
            [
                0.9998794461683508,
                -0.015527173924212316
            ],
            [
                0.6960421667802189,
                0.7180009067291628
            ]
        ],
        [
            [
                0.9999495986772008,
                0.01003992556247903
            ],
            [
                0.999949598677201,
                -0.010039925562478878
            ],
            [
                0.9999787448417596,
                -0.006519958948826407
            ],
            [
                0.9213648150362116,
                0.3886989549938136
            ]
        ],
        [
            [
                0.9999437676279831,
                0.010604790519032669
            ],
            [
                0.9999437676279833,
                -0.010604790519032748
            ],
            [
                0.9999749021995369,
                -0.007084840931525575
            ],
            [
                0.9793784809512017,
                0.20203413337779264
            ]
        ],
        [
            [
                0.9999904605073773,
                0.004367939359915799
            ],
            [
                0.999990460507377,
                -0.004367939359915843
            ],
            [
                0.9999773943115584,
                0.0067239025776901305
            ],
            [
                0.006723902577690254,
                0.9999773943115585
            ]
        ],
        [
            [
                0.9999998377427993,
                -0.0005696616321143801
            ],
            [
                0.9999998377427993,
                0.0005696616321144611
            ],
            [
                0.9999320046846393,
                0.011661303844633038
            ],
            [
                0.7153044882639834,
                0.6988129142119524
            ]
        ],
        [
            [
                0.999702746648118,
                0.024380696138699705
            ],
            [
                0.999702746648118,
                -0.024380696138699705
            ],
            [
                0.9999116732260833,
                -0.01329081435486956
            ],
            [
                0.9187117547564417,
                0.3949287425249493
            ]
        ],
        [
            [
                0.9998003111167755,
                0.019983440414526196
            ],
            [
                0.9998003111167754,
                -0.019983440414526044
            ],
            [
                0.9999511274117295,
                0.009886495234101365
            ],
            [
                0.009886495234101554,
                0.9999511274117295
