{
    "type": "TEBDBasis",
    "version": "2.0",
    "m": 5,
    "n": 5,
    "n_row_gates": 5,
    "n_col_gates": 5,
    "phases": [
        0,
        0,
        0,
        0,
        0,
        0,
        0,
        0,
        0,
        0
    ],
    "tensors": [
        [
            [
                0.7121861998423102,
                0.0
            ],
            [
                0.7019906101609666,
                0.0
            ],
            [
                0.7019906101609701,
                0.0
            ],
            [
                -0.7121861998423148,
                0.0
            ]
        ],
        [
            [
                -0.026592495865977478,
                0.0
            ],
            [
                0.9996463570501432,
                0.0
            ],
            [
                0.9996463570501394,
                0.0
            ],
            [
                0.026592495865977724,
                0.0
            ]
        ],
        [
            [
                0.9999982807989795,
                0.0
            ],
            [
                0.0018542920736660498,
                0.0
            ],
            [
                0.0018542920736667374,
                0.0
            ],
            [
                -0.9999982807989759,
                0.0
            ]
        ],
        [
            [
                -0.004684257625675082,
                0.0
            ],
            [
                0.9999890288050655,
                0.0
            ],
            [
                0.999989028805069,
                0.0
            ],
            [
                0.004684257625675424,
                0.0
            ]
        ],
        [
            [
                0.0030897028806736605,
                0.0
            ],
            [
                0.9999952268566658,
                0.0
            ],
            [
                0.9999952268566625,
                0.0
            ],
            [
                -0.003089702880672746,
                0.0
            ]
        ],
        [
            [
                -0.6966307518887263,
                0.0
            ],
            [
                0.7174298540783968,
                0.0
            ],
            [
                0.7174298540783983,
                0.0
            ],
            [
                0.6966307518887237,
                0.0
            ]
        ],
        [
            [
                0.999463141371382,
                0.0
            ],
            [
                -0.03276322694813084,
                0.0
            ],
            [
                -0.03276322694812663,
                0.0
            ],
            [
                -0.999463141371381,
                0.0
            ]
        ],
        [
            [
                0.9999951892711719,
                0.0
            ],
            [
                -0.0031018437266703658,
                0.0
            ],
            [
                -0.003101843726671261,
                0.0
            ],
            [
                -0.9999951892711703,
                0.0
            ]
        ],
        [
            [
                0.9999996646358512,
                0.0
            ],
            [
                -0.0008189799625642873,
                0.0
            ],
            [
                -0.0008189799625645305,
                0.0
            ],
            [
                -0.9999996646358463,
                0.0
            ]
        ],
        [
            [
                0.016903692476137263,
                0.0
            ],
            [
                0.9998571223833316,
                0.0
            ],
            [
                0.9998571223833271,
                0.0
            ],
            [
                -0.016903692476138397,
                0.0
            ]
        ],
        [
            [
                1,
                0
            ],
            [
                1,
                0
            ],
            [
                1,
                0
            ],
            [
                1,
                0
            ]
        ],
        [
            [
                1,
                0
            ],
            [
                1,
                0
            ],
            [
                1,
                0
            ],
            [
                1,
                0
            ]
        ],
        [
            [
                1,
                0
            ],
            [
                1,
                0
            ],
            [
                1,
                0
            ],
            [
                1,
                0
            ]
        ],
        [
            [
                1,
                0
            ],
            [
                1,
                0
            ],
            [
                1,
                0
            ],
            [
                1,
                0
            ]
        ],
        [
            [
                1,
                0
            ],
            [
                1,
                0
            ],
            [
                1,
                0
            ],
            [
                1,
                0
            ]
        ],
        [
            [
                1,
                0
            ],
            [
                1,
                0
            ],
            [
                1,
                0
            ],
            [
                1,
                0
            ]
        ],
        [
            [
                1,
                0
            ],
            [
                1,
                0
            ],
            [
                1,
                0
            ],
            [
                1,
                0
            ]
        ],
        [
            [
                1,
                0
            ],
            [
                1,
                0
            ],
            [
                1,
                0
            ],
            [
                1,
                0
            ]
        ],
        [
            [
                1,
                0
            ],
            [
                1,
                0
            ],
            [
                1,
                0
            ],
            [
                1,
                0
            ]
        ],
        [
            [
                1,
                0
            ],
            [
                1,
                0
            ],
            [
                1,
                0
            ],
            [
                1,
                0
            ]
        ]
    ],
    "hash": "0e27747ea81470350016d18020681fdbb82cba1adf0cc1c8e413cb999377acf1"
}