{
    "type": "EntangledQFTBasis",
    "version": "1.0",
    "m": 5,
    "n": 5,
    "n_entangle": 5,
    "entangle_phases": [
        -0.28403533959664456,
        -0.08449768755213678,
        -0.021430730272674316,
        -0.011828331095817272,
        -0.006967916949005678
    ],
    "tensors": [
        [
            [
                0.70243993782665,
                0.002916138753438818
            ],
            [
                0.7117114623446894,
                -0.006035250454163471
            ],
            [
                0.7117114623446884,
                0.006035250454163524
            ],
            [
                -0.7024399378266494,
                0.0029161387534387398
            ]
        ],
        [
            [
                0.7060481198005811,
                0.010310245547600995
            ],
            [
                0.7080682500385646,
                -0.005394872578784259
            ],
            [
                0.7080682500385671,
                0.0053948725787842525
            ],
            [
                -0.7060481198005795,
                0.010310245547600877
            ]
        ],
        [
            [
                0.7317039313937155,
                0.02001050202098683
            ],
            [
                0.6812927680077555,
                -0.007007200024172445
            ],
            [
                0.6812927680077538,
                0.007007200024172211
            ],
            [
                -0.7317039313937148,
                0.020010502020986625
            ]
        ],
        [
            [
                0.736159751212106,
                0.0840028582329543
            ],
            [
                0.6696261345565722,
                -0.05111927643109411
            ],
            [
                0.6696261345565785,
                0.051119276431094526
            ],
            [
                -0.7361597512121096,
                0.08400285823295463
            ]
        ],
        [
            [
                0.6881266328643586,
                0.15707780471687557
            ],
            [
                0.6988100409313872,
                -0.116072507948949
            ],
            [
                0.6988100409313838,
                0.11607250794894855
            ],
            [
                -0.6881266328643555,
                0.15707780471687582
            ]
        ],
        [
            [
                0.6940424692003672,
                0.004729177254706152
            ],
            [
                0.7199033282723838,
                -0.004678009309674389
            ],
            [
                0.7199033282723829,
                0.0046780093096747
            ],
            [
                -0.6940424692003694,
                0.004729177254706169
            ]
        ],
        [
            [
                0.6974221826297061,
                0.012414886265944914
            ],
            [
                0.7164733453505471,
                -0.010682470558130595
            ],
            [
                0.7164733453505502,
                0.010682470558130376
            ],
            [
                -0.6974221826297097,
                0.01241488626594511
            ]
        ],
        [
            [
                0.7499135218220107,
                0.05052239601364995
            ],
            [
                0.6589315780656805,
                -0.02977201231728893
            ],
            [
                0.6589315780656843,
                0.029772012317288668
            ],
            [
                -0.7499135218220134,
                0.050522396013649676
            ]
        ],
        [
            [
                0.645616783595256,
                0.10786797427690235
            ],
            [
                0.753381346327455,
                -0.06292865699620198
            ],
            [
                0.7533813463274569,
                0.06292865699620138
            ],
            [
                -0.6456167835952565,
                0.10786797427690219
            ]
        ],
        [
            [
                0.6154540214237898,
                0.2571658774855998
            ],
            [
                0.7108108267960599,
                -0.22322640408305192
            ],
            [
                0.7108108267960602,
                0.2232264040830531
            ],
            [
                -0.6154540214237885,
                0.25716587748560016
            ]
        ],
        [
            [
                0.9999597596896662,
                -0.00897100893909579
            ],
            [
                0.9999597596896665,
                0.008971008939096059
            ],
            [
                0.9998791610199486,
                0.015545525338351487
            ],
            [
                0.015545525338351454,
                0.9998791610199484
            ]
        ],
        [
            [
                0.9999921515703978,
                0.003961918424851169
            ],
            [
                0.9999921515703977,
                -0.003961918424851208
            ],
            [
                0.9999965858731928,
                0.002613090500359255
            ],
            [
                0.7089521010469877,
                0.7052566330216726
            ]
        ],
        [
            [
                0.9999999240800269,
                -0.00038966644461030625
            ],
            [
                0.9999999240800268,
                0.00038966644461038523
            ],
            [
                0.9999757466535659,
                0.006964632412711336
            ],
            [
                0.9265223747777771,
                0.3762396696736601
            ]
        ],
        [
            [
                0.9999802514863482,
                0.006284635016890046
            ],
            [
                0.9999802514863481,
                -0.006284635016890045
            ],
            [
                0.9999999578496344,
                0.0002903458719707694
            ],
            [
                0.9808418827324332,
                0.19480554683554568
            ]
        ],
        [
            [
                0.999824357466084,
                0.01874177733131198
            ],
            [
                0.9998243574660839,
                -0.018741777331312066
            ],
            [
                0.9999661330374158,
                -0.008229992599949726
            ],
            [
                -0.008229992599949634,
                0.9999661330374159
            ]
        ],
        [
            [
                0.9999993161835515,
                0.0011694581803466033
            ],
            [
                0.9999993161835515,
                -0.0011694581803465731
            ],
            [
                0.9999563514029137,
                0.00934319479493761
            ],
            [
                0.7136825533650053,
                0.7004692805701104
            ]
        ],
        [
            [
                0.9999770706764237,
                0.006771862476124615
            ],
            [
                0.9999770706764237,
                -0.006771862476124583
            ],
            [
                0.9999930029354687,
                0.0037408662236112925
            ],
            [
                0.9253046355930503,
                0.3792246449665623
            ]
        ],
        [
            [
                0.999865642877591,
                0.016391955130131152
            ],
            [
                0.9998656428775912,
                -0.0163919551301311
            ],
            [
                0.9999994076402313,
                0.0010884480656893501
            ],
            [
                0.0010884480656894418,
                0.9999994076402313
            ]
